Art. Nr.	Beschreibung	Lieferant (Haupt)	Neue LP
101	Gouda jung Frico	Privat	01-01
102	Gouda jung Campina	Privat	01-01
103	Gouda HB pikant/mittelalt	Privat	VB
104	Parrano	Privat	VB
105	Frühlingsgouda	Privat	SAISON
106	Gouda 3 J. Broeckel	Privat	VB
108	Landana Ziege Trüffel	Privat	VB
109	Gouda Überjährig	Privat	VB
110	Edamer Brot Rot	Privat	03-02
111	Gouda Huizer Kaas Natur	Privat	VB
113	Natria	Privat	
115	Gouda Pfeffer	Privat	VB
116	Landana Grüner Spargel	Privat	VB
117	Gouda mit Bärlauch	Privat	VB
118	Gouda mit Olive - Tomate	Privat	02-01
119	Ziegengouda Lavendel	Privat	VB
120	Landana Schaf Trüffel	Privat	VB
121	Gouda mit Chili Sambal/Paprika	Privat	VB
124	Ziegengouda Bockshornklee	Privat	VB
125	Foliengouda	Privat	VB
126	Leerdammer Caractère	Privat	01-02
127	Leerdammer	Privat	01-01
128	Kernhem ca. 2,8kg	Privat	VB
129	Gouda mit Brennessel	Privat	VB
131	Landana Mild	Privat	VB
132	Cantenaar Schwarz 1/2 Laib	Privat	VB
133	Rechteck - Block jung	Privat	VB
134	Leerdammer light 	Privat	01-02
135	Slanke Anke	Privat	VB
137	Gouda mit Kümmel	Privat	02-01
138	Gouda Kräuter	Privat	VB
139	Landana Knoblauch	Privat	VB
140	Gouda gerieben 2 x 5kg	Privat	VB
141	Gouda Scheiben 0,5kg 30g	Privat	04-01
142	Beemster Knoblauch 	Privat	01-02
144	Beemster Graskaas	Privat	VB
145	Mai Gouda	Privat	SAISON
146	Beemster Kreuzkümmel	Privat	VB
147	Beemster Senf	Privat	01-01
148	Gouda jung Nord - Holland	Privat	02-01
149	Gouda pikant Nord - Holland	Privat	02-01
150	Gouda alt Nord - Holland	Privat	VB
151	Beemster Old	Privat	01-01
152	Beemster Pikant	Privat	01-03
154	Beemster Mild	Privat	01-03
155	Prima Donna Fino	Privat	VB
156	Prima Donna Leggero	Privat	VB
157	Gouda mit Walnüssen	Privat	02-01
158	Kronen Gouda Natur	Privat	02-01
159	Pikantje van Antje	Privat	01-01
160	Beemster Pfeffer	Privat	VB
161	Gouda NH 3 Jahre	Privat	VB
162	Westlite mild	Privat	01-02
163	Westlite Pikant	Privat	VB
164	Beemster Oranje Beemsdammer	Privat	01-01
165	Beemster Jalapeneo	Privat	01-02
166	Gouda mit Senfkörnern	Privat	VB
167	Beemster Bockshornklee	Privat	01-02
168	Beemster Brennnessel	Privat	01-02
170	Beemster Chili	Privat	01-02
171	Gouda Laib Jung	Privat	VB
172	Beemster Ital. Kräuter	Privat	VB
174	Edamer Scheiben	Privat	VB
175	Elbländer Scheiben Bärlauch	Privat	VB
176	Old Amsterdam	Privat	01-02
177	Old White Ziege	Privat	VB
178	Nazareth light, halbe Laibe	Privat	VB
179	Gouwenaar Light pikant BLAU	Privat	VB
180	Gouwenaar light mild ROT	Privat	VB
181	Passendale Brot Lang	Privat	01-03
182	Passendale Laibe Rund	Privat	01-03
184	Père Josef	Privat	03-02
185	Père Josef light	Privat	VB
187	Nazareth halbe Laibe 45%	Privat	VB
188	Corsendonk	Privat	VB
191	Gouda Schafmilch	Privat	VB
192	Cheese Pop	Privat	06-03
195	Abdijkaas 45%	Privat	VB
197	Le Petit Doruvael	Privat	VB
201	Dän. Havarti Tilsiter	Privat	03-03
202	Dän. Havarti geschmiert	Privat	VB
203	Esrom Elbodal	Privat	VB
205	Havarti Mexicana	Privat	VB
206	Havarti pikant	Privat	VB
207	Dän. Esrom	Privat	03-03
208	Bergblumenkäse	Privat	VB
209	Danablu	Privat	VB
210	Leuchtturm Bio	Privat	VB
212	Dofino Dill Rolle	Privat	VB
214	Dofino Natur Rolle	Privat	VB
216	Dofino Schnittlauch Rolle	Privat	VB
221	Dän. Höhlenkäse	Privat	03-02
223	Alter Mommark	Privat	VB
230	Apetina gewürfelt 1,6 kg	Privat	VB
294	Gudbrandsdalen 250 g	Privat	VB
295	Gudbrandsdalen 1 kg	Privat	03-03
296	Gutshofkäse, Schweden	Privat	03-03
301	Emmentaler Lb.	Privat	VB
303	Emmentaler King ca.2,5kg	Privat	01-02
304	Emmentaler Super Cut ca. 4kg	Privat	05-01
305	Appenzeller extra würzig (schwarz)	Privat	01-02
306	Appenzeller, original (silber)	Privat	01-02
307	Appenzeller kräftig würzig (gold)	Privat	01-02
308	Appenzeller edelwürzig (rosa)	Privat	01-02
309	Gruyère King 	Privat	01-03
310	Schw. Raclette, Alt Senn, Rund	Privat	SAISON
311	Schweizer Raclette Carree	Privat	SAISON
312	Sbrinz	Privat	VB
313	Appenzellerin Elegant	Privat	01-02
314	Küssnachter	Privat	VB
315	Emmentaler 1/8 Laib	Privat	VB
316	Thurkäse	Privat	VB
318	Gruyère, höhlengereift	Privat	01-03
319	Gruyere Lb. 5 Mon.	Privat	VB
320	Käsefondue Tiger 12x400g	Privat	01-03
321	Tête de Moine	Privat	01-02
322	Freiburger	Privat	01-02
323	Luzerner	Privat	VB
324	Simmentaler Hartkäse 10 Mon.	Privat	VB
325	Hornkuhkäse	Privat	VB
326	Fiore Delle Alpi 1/8Lb.	Privat	01-03 Sonderware
327	Heidi Alp	Privat	VB
328	Swizzrocker	Privat	VB
330	Sankt Galler Klosterkäse	Privat	01-01
331	Kellerrahmkäse 16 Mon.	Privat	VB
332	Schweizer Raclette Rund	Privat	SAISON
333	Gruyere Alpage Vieux Meule	Privat	Sonderware
334	Heidilandkäse 3 Monate	Privat	VB
335	Heidiland Würzig 5 Monate	Privat	VB
336	Schabziger	Privat	VB
337	Gruyere Alpage 1/8 Laib	Privat	VB
338	Urchrüter Chas 4kg	Privat	VB
348	Fricalin	Privat	VB
349	Sterntaler	Privat	VB
350	Toggenburger Chueli	Privat	VB
359	Gewitterkäse	Privat	01-03
364	Tête de Moine 1/2 Lb.	Privat	VB
365	Etivaz 1/1 Laib	Privat	VB
366	Appenzeller Rahmkäse	Privat	01-03
367	Appenzeller ¼ - Stück	Privat	01-02
368	Chällerhocker	Privat	01-01
369	Weintraubenkäse Mont	Privat	VB
370	Roter Stier	Privat	VB
371	Urige Sennerin	Privat	
372	Le Marechal	Privat	VB
374	Wildbachkäse	Privat	VB
376	Scharfer Maxx	Privat	01-02
377	Urtyroler	Privat	VB
378	Lenggenwiler	Privat	VB
379	Scharfe Anna	Privat	VB
380	Sennerkäse 12 Mon.	Privat	VB
381	Anton 1/2	Privat	VB
382	Schön. Pfeffer	Privat	VB
383	Schönegrunder mild	Privat	VB
384	Der Kleine Senn	Privat	VB
385	Kristallkäse 24 Mon.	Privat	VB
386	Frecher Maxx	Privat	VB
398	Girolle Haube	Privat	VB
399	Girolle-Schaber mit Haube	Privat	VB
405	Buko 200g Aufsteller 240er	Privat	VB
406	Buko Chef 3kg Eimer	Privat	03-02
407	Buko, leicht 1,5kg Eimer	Privat	04-01
408	Buko 200 g natur	Privat	Sonderware
409	Buko 200g leicht	Privat	VB
412	Buko Ziege 10x200 gr.	Privat	VB
413	Buko Der Sahnige 20g Port.	Privat	01-01-H
415	Frischkäse 6-Fach Sort. 20g Port.	Privat	01-01-H
416	Buko 200g Pik. Kr. Balance	Privat	VB
431	Buko 4 x 1,5kg Kräuter	Privat	VB
432	Buko 4 x 1,5kg Laktosefrei	Privat	VB
433	Buko Ananas 10x200g	Privat	VB
470	Buko 200gr Aufsteller 480er	Privat	VB
502	Mueller Thurgau recent	Privat	VB
503	Mueller Thurgau grün (würzig)	Privat	VB
504	Alte Hexe	Privat	VB
505	Rote Hexe	Privat	01-01
506	Schön. Nussknacker	Privat	VB
508	König Ludwig Königskäse	Privat	VB
509	König Ludwig Bierkäse	Privat	VB
514	Chili Rebel	Privat	VB
519	Bio Holodri	Privat	VB
521	Wildblumenkäse	Privat	01-02
522	Walnusstraum	Privat	
523	Orangenpfefferkäse	Privat	VB
524	Toggenburger Sonntagskäse	Privat	01-03
526	Bergdiamant	Privat	VB
527	Baldauf Alpkäse 1/8 Laib	Privat	VB
529	Geldergold Käseschinken	Privat	VB
531	Zitronenpfefferkäse	Privat	01-02
537	Weinzirler	Privat	VB
550	Stilfser	Privat	01-03
551	Bergbaron	Privat	VB
553	Zirbenkäse 1/2	Privat	VB
554	Mölltaler	Privat	VB
555	Mondseer ca.3,5kg	Privat	VB
556	Dachsteiner ca.4kg	Privat	VB
557	Kärntner Rahmlaib ca. 4kg	Privat	VB
558	Moosbacher	Privat	VB
559	Ländle Rotweinkäse ca.4kg	Privat	03-02
560	Amadeus	Privat	VB
561	Mostkäse 	Privat	VB
564	Erzherzog Johann ca. 7kg	Privat	VB
569	Klostertaler	Privat	VB
570	Montforter   leicht   	Privat	03-02
573	Laendle Raclette Stangen	Privat	VB
576	Feuerteufel	Privat	VB
580	Voralberger 1 Kg. 	Privat	03-02
582	Vorarlberger Bergkäse 4kg	Privat	03-02
583	Voralberger Bergk.10 Mon.	Privat	
585	Tresana 5 Kg.	Privat	VB
586	Tresana 200 Gr.	Privat	VB
588	Lebo Tropical 	Privat	06-01
589	Lebo Ananas	Privat	06-01
590	Lebo Ingwer	Privat	06-01
591	Lebo Rum-Rosine	Privat	06-01
592	Lebo Cranberry	Privat	06-01
593	Machelle Italia	Privat	VB
594	Machelle Kräuter	Privat	VB
595	Machelle Sweet Pepper	Privat	VB
596	Feingold Bergkäse	Privat	VB
600	Rotkäppchen Camembert	Privat	VB
603	Schönegger Alprahmkäse	Privat	VB
605	Schönegg Alpenglühen	Privat	VB
606	St. Bernadus	Privat	VB
607	Schön. Bärlauch	Privat	VB
609	Schönegg. Kürbiskern	Privat	VB
612	Schönegger Vulkankäse	Privat	VB
616	Schönegg. Holunderblütenkäse	Privat	VB
618	Berggold Blütenbrie	Privat	VB
619	Berggold Walnussbrie	Privat	VB
620	Schönegger Almblütenkäse	Privat	VB
621	Kathis Sommersprossen	Privat	VB
630	Kathi Feuerschote	Privat	VB
631	Berggold Stubenkäse 6x150g	Privat	VB
632	Berggold Rahmbrie Pistazie	Privat	VB
640	Kathi Thymian Honig	Privat	03-01
641	Kathi Bockshorn Ziege	Privat	VB
642	Kathi Kürbiskern	Privat	03-01
643	Kathi Ziege  Minze/Basilikum	Privat	VB
644	Kathi Pfefferziege	Privat	VB
645	Kathi Waldzauber	Privat	03-01
651	Ascheberger Tilsiter 	Privat	VB
661	Nusschäss 	Privat	VB
662	Wilhelm Tell 1/2	Privat	VB
663	Schlemmerkäse 10x700g	Privat	VB
665	Bergjausenkäse gef.  909	Privat	VB
666	Emmentaler Scheiben gef.  143	Privat	VB
675	Ortler	Privat	VB
679	Rucksackkäse	Privat	VB
690	Gouda Bio belegen	Privat	VB
691	Altbierkäse	Privat	VB
693	Moins. Bernard	Privat	VB
694	Weißbierkäse	Privat	VB
696	Wilde Hilde	Privat	VB
697	Grienkenschmied	Privat	VB
698	Wilder Bernd	Privat	VB
699	Gouda Bio	Privat	VB
700	Milram Burlander leicht	Privat	04-01
701	Marienbürger	Privat	VB
702	Alt Mecklenburger Tilsiter, kräftig	Privat	03-02
704	Milram Burlander 	Privat	04-01
705	Bayernland Butterkäse	Privat	VB
706	Benjamin Gouda	Privat	04-01
707	Gräddost, Natur	Privat	03-03
708	Alter Schwede, pikant	Privat	03-02
709	Landfrischkäse 3,0 kg	Privat	VB
710	Gräddost, Schnittlauch	Privat	03-03
711	Bierwürfel 8x125g	Privat	VB
712	Tilsiter Scharf	Privat	VB
713	Vinschger 1/2 Lb.	Privat	VB
715	Madrigal Laib	Privat	VB
718	Andechser Rollenbutter	Privat	
721	Cantalet Laib AOP	Privat	VB
725	Milram Sylter	Privat	VB
727	Milram Müritzer	Privat	04-01
728	Bella Vitano Pfeff. 1/4	Privat	VB
730	Manouri 1kg	Privat	VB
731	Bellavitano Merlot 1/4	Privat	VB
732	Bellavitano Espresso 1/4	Privat	04-01
734	Moser Fette Berta	Privat	VB
735	Bio Moser mit Nuss	Privat	VB
736	Moser Huus Chäsli	Privat	VB
737	Camembertli	Privat	VB
742	Grünländer 	Privat	03-01
743	Grünländer leicht	Privat	VB
744	Grünländer Bärlauch	Privat	03-01
745	Grünländer Chili	Privat	03-01
746	Jermi Räucherrolle 2kg	Privat	03-02
747	Jermi Räucherrolle Schinken	Privat	03-02
748	Moser Rieslin Sylvan	Privat	VB
750	Jermi Lachstorte	Privat	VB
751	Bio Moser Chardonnay	Privat	VB
752	Moser mini Senf	Privat	VB
753	Moser mit Trüffel	Privat	VB
756	Milram Edamer 3kg	Privat	VB
757	Milram Gouda	Privat	04-01
758	Milram Tilsiter	Privat	VB
759	Milram Butterkäse	Privat	VB
760	Innperle Tomate Basilikum 2kg	Privat	VB
771	Diplomat Knoblauch	Privat	VB
772	Bauer Butterkäse	Privat	01-01
773	Bauer Diplomat	Privat	VB
781	Emmentaler Schmelz	Privat	03-02
782	Chester Schmelz	Privat	03-02
786	Hartkäse Ziege Rosmarin 6x120g	Privat	03-03
787	Hartkäse Pfeffer 6x150g	Privat	03-03
788	Hartkäse Ingwer 6x150g	Privat	03-03
789	Hartkäse Tomate 6x150g	Privat	03-03
790	Hartkäse Senf/Dill 6x150g	Privat	03-03
791	Diplomat Paprika	Privat	VB
792	Diplomat kümmel	Privat	VB
793	Diplomat Rucola	Privat	VB
794	Diplomat Pfeffer	Privat	VB
800	Alpenhain Back-Cbt. 8x200g	Privat	VB
801	Alpenhain Back-Cbt. 12x12x75g	Privat	VB
807	Hausmacher	Privat	VB
825	Pepperdew mit Fk	Privat	04-01
835	Schafkäse in Kräuteröl	Privat	04-01
840	Fk Thunfisch-Tomate	Privat	VB
841	Fk Lachs-Frühlingszwiebel	Privat	VB
842	FK-Schale Spanisch	Privat	VB
843	Fk Gärtnerin Art	Privat	VB
844	Fk Ital. Creme	Privat	VB
845	Fk Kräuter-Knoblauch	Privat	VB
846	Fk-Aioli	Privat	VB
847	Fk Pepperdream	Privat	VB
848	Fk El Bandito	Privat	VB
849	Fk 1001 Nacht	Privat	VB
850	Fk-Bärlauch	Privat	VB
851	Fk-Frühlingszwiebel	Privat	VB
852	Fk rote Zwiebel	Privat	VB
853	Fk-getr. Tomaten	Privat	VB
854	Fk Feige-Honig-Senf	Privat	VB
855	Hexenkaas 3 kg	Privat	VB
870	Rollenbutter leicht ges.250 gr	Privat	VB
890	Herve Kaas mild  6 x 100 g  	Privat	06-02
891	Herve Kaas pikant  6 x 100 g	Privat	06-02
901	St. Agur Edelpilzkäse	Privat	03-02
902	St. Albray	Privat	03-03
903	St. Albray 180 gr.	Privat	VB
905	Coeur de Lion 60%	Privat	
910	Pie d'Anglois	Privat	VB
912	Bours Krt. 150 gr	Privat	VB
913	Bours. Pfeffer 150 gr	Privat	VB
920	Gazi Natur	Privat	VB
921	Olympia gr. Feta Lake 3x2kg	Privat	05-01
922	Feta 200g	Privat	VB
923	Feta 2kg 	Privat	03-03
924	Salakis 2kg	Privat	VB
925	Salakis 200g	Privat	VB
926	Schafskäsekanister ca. 8 kg	Privat	03-01
927	Filos Feta 200g	Privat	VB
928	Corsu Vecchiu	Privat	03-02
941	Chavroux Ziegenfr.45%	Privat	VB
961	Chaumes	Privat	03-03
962	Chaumes 150 gr.	Privat	VB
963	Prestige de Bourgogne	Privat	VB
964	Lou Perac 10 x 150g	Privat	VB
965	Etorki ½ Laibe	Privat	03-03
968	Fol Epi 	Privat	03-03
976	Geramont der Frische 	Privat	03-03
977	Geramont 200 G	Privat	VB
979	Geramont Torte 	Privat	03-02
983	Pere Eugen Raclette	Privat	VB
984	Brie La Belle Laitiere	Privat	VB
993	Crottin. Papaya 80 gr	Privat	VB
995	Le Chartreux  	Privat	VB
996	Caprinelle	Privat	VB
997	Brie Ecke 	Privat	VB
998	Ziegenrolle 100g Wildkräuter	Privat	VB
1000	Brie BIO	Privat	VB
1002	President Carree Gourmet 6x200g	Privat	VB
1003	Ziegenrolle Merci Chef 6x150 g	Privat	06-01
1004	Richemont Raclette eckig	Privat	VB
1005	Richemont Raclette rund	Privat	VB
1006	Roucoulons 220 gr	Privat	VB
1007	Roucoulons 125g	Privat	VB
1008	Crem. De Bourg. Truff	Privat	06-03
1009	Coeur de Lion Carre 6x250g	Privat	VB
1010	Toast au Chèvre 750g	Privat	VB
1011	Ziegenbrie 1kg	Privat	VB
1012	Vacher. Mont D`or Mini 	Privat	SAISON
1015	Coulommiers Coeur de Lion	Privat	
1016	Cbt Payson Breton 12x250gr	Privat	VB
1018	Ziegenrolle Honig	Privat	06-01
1019	Ziegenrolle affine 450g	Privat	VB
1020	Ziegenrolle FK Cranberry	Privat	06-01
1021	Ziegentaler (Chv. Dorer) 12x(6x25g)	Privat	VB
1022	Ziegenrollen Fk Natur Soignon 6x125g	Privat	06-01
1023	Ziege Honig 125g	Privat	VB
1024	La Baguette	Privat	VB
1025	Ziegenstreichkäse Natur Soignon 6x150g	Privat	06-01
1027	Ziegenweichkäserolle gereift	Privat	03-03
1028	Pavé Cremeux 6x150g	Privat	06-02
1029	Fromage d'Affin. Natur 2kg	Privat	VB
1030	Pavé lose 6x150g	Privat	06-02
1031	Pavé Kräuter 6x150g	Privat	VB
1035	Orval	Privat	VB
1038	Raclette Frz. Rund	Privat	SAISON
1039	Raclette 4/4                       	Privat	VB
1049	Rambol 500gr	Privat	VB
1050	Rambol 1,2kg Nuss	Privat	03-03
1053	Wensl.Mexicana 	Privat	06-02
1055	Wens. S. Cranberry	Privat	06-02
1058	La Brique 900 g	Privat	VB
1060	Rustique 250 g	Privat	VB
1061	Rustique Laib 1kg 	Privat	03-03
1072	Bouquet des Moines 6x125g	Privat	06-02
1073	Bleu des Moines 6x150g	Privat	06-02
1074	Delice de Moines	Privat	VB
1078	Cantorel Geant	Privat	VB
1079	Supreme Torte	Privat	03-02
1085	Gefüllter Brie Schnittlauch	Privat	VB
1086	Brie Lingot President 3 kg	Privat	VB
1087	Brie Maub. 60% 2x1kg	Privat	VB
1088	Tortenbrie 50% Frz.	Privat	03-02
1093	Ziegenfrischkäse Kräuter 1kg	Privat	VB
1099	Carre de l Est 230g	Privat	04-01
1104	La Vache Qui Rit 80x17,5gr	Privat	VB
1105	La Vache Qui Rit Leicht	Privat	VB
1111	Bonbel Brote	Privat	01-01
1116	Babybel 200g	Privat	VB
1155	Mini Babybel 5x20 Gr.	Privat	VB
1156	Mini Babybel 96x20 gr.	Privat	VB
1157	Mini Babybel 96x20 gr.leicht	Privat	VB
1174	Kiri Creme	Privat	VB
1175	Kiri Kräuter 20 Gr.	Privat	VB
1181	Leerd. Scheib. 2x500 gr.	Privat	VB
1182	Leerd.Scheib.2x500gr.Leicht	Privat	VB
1190	Bonbel Brote Joghurt (leicht)	Privat	VB
1191	Bonbel Brote Sonnenblumenkerne	Privat	VB
1197	Mini Babybel 30er lose	Privat	VB
1265	Adler Edelcr. Krt. 20	Privat	VB
1267	Adler Edelcr. Sahne 20	Privat	04-01
1268	Adler Edelcr. Salami 20	Privat	VB
1269	Adles Edelcr. Champ. 20	Privat	VB
1311	Cast. Blau 150 gr.	Privat	VB
1317	Castello blau Laib	Privat	VB
1320	Castello 1kg Frischkäse Sort.	Privat	
1322	Castello weiß Laib	Privat	
1323	Sonderposten	Privat	
1341	Castello Schnittlauch 1kg 	Privat	03-03
1342	Castello Pfeffer 1kg 	Privat	03-03
1343	Castello Ananas 1kg 	Privat	03-03
1345	Castello pikante Kräuter 1kg	Privat	03-03
1350	Cast. Pik. Krt. 125 gr.	Privat	VB
1351	Cast. Schnitt. 125 gr.	Privat	VB
1352	Cast. Pfeffer 125 gr.	Privat	VB
1353	Cast. Ananas125 gr.	Privat	VB
1354	Cast. Rum 125 gr.	Privat	VB
1392	Marquis Rolle	Privat	03-03
1411	MK Pilos Chevre	Privat	
1414	Cam President 8/8 250g	Privat	VB
1417	Bresso Kräuter 1,5kg	Privat	03-02
1420	Milkana Emmentaler Block	Privat	03-02
1426	Emmentaler Antique Laib	Privat	VB
1469	Hochl.Schmelzscheiben Burger 200g	Privat	VB
1470	Hochl.Schmelzscheiben Toast 200g	Privat	VB
1471	Hochland FK 10kg	Privat	VB
1501	Bayernland Emmentaler Block 	Privat	03-02
1502	Bayernland Chester Block	Privat	03-02
1503	Robiola Frischkäse	Privat	06-03
1504	Landfrischkäse 2x3,5 kg	Privat	03-02
1505	Landfrischkäse 2x1,5 kg	Privat	03-02
1508	Hochland Cheddar Schb. X8	Privat	VB
1511	Lindenberger	Privat	VB
1550	Philidelphia 1,65kg	Privat	VB
1560	Philadelphia 1,65kg Leicht Kräuter	Privat	VB
1562	Phil. Kr. Balance	Privat	VB
1563	Phil. Schnittlauch	Privat	VB
1565	Phliadelphia 175g	Privat	VB
1566	Phliadelphia Milka 150g	Privat	VB
1568	Phliadelphia Joghurt	Privat	VB
1569	Philadelphia Lactosefrei 10x150g	Privat	VB
1571	Exquisa Fitline 0,2% 200g	Privat	VB
1572	Philadelphia  FK 10kg	Privat	VB
1600	Kräuterhexe Laib	Privat	VB
1601	Dolomitenkönig	Privat	VB
1602	Dolomit	Privat	01-01
1603	Alta Badia ½ Laibe	Privat	01-02
1604	Pustertaler	Privat	01-02
1697	Cabra Portionen 250gx12	Privat	02-02
1698	Iberico Portionen 250gx12	Privat	02-02
1699	Manchego Portionen 270gx12	Privat	02-02
1700	Burrata 200g	Privat	VB
1701	Mozzarella Burrata 100g	Privat	VB
1724	Mahon de Menorca	Privat	VB
1731	Scarmorza geräuchert	Privat	06-01
1732	Robiola Osella 200g	Privat	VB
1735	Kitzbühler 	Privat	VB
1742	Mozzarella Scheiben 400g	Privat	04-01
1750	Löffelgorgonzola	Privat	VB
1773	Boschetto al Tartuffo	Privat	
1778	Pecorino Mediterranno	Privat	VB
1782	Manchego al Romero 3kg	Privat	02-02
1783	Murcia al Vino	Privat	VB
1788	Felsenkeller	Privat	VB
1789	Span. Käseauswahl	Privat	02-02
1797	Queso de Cabra	Privat	02-02
1798	Iberico	Privat	02-02
1799	Queso de Oveja 15 Mon.	Privat	02-02
1801	Mozzarella Trüffel	Privat	VB
1814	Ital. Hartkäse 2kg	Privat	04-01
1817	Gorg.Mascarpone 8x200g	Privat	06-01
1818	"Gorgonzola Mascarpone
¼ Stücke "	Privat	06-01
1819	Südtiroler Bergkäse	Privat	01-02
1820	Gorgonzola 8x200g D.O.C.	Privat	06-01
1822	Grana Padano 15-17M 2kg 	Privat	03-01
1824	Grana Padano Flakes 5 x 1 kg	Privat	05-01
1827	Fontina 1/4 Laibe	Privat	VB
1831	Mozzarella 125 Gr.	Privat	VB
1832	Mozzarella Stangen 4x1kg	Privat	04-01
1833	Mozzar. Pancare 1 kg	Privat	VB
1834	Galb. Mascarpone 500g	Privat	VB
1836	Galb. Mascarpone 250g	Privat	VB
1839	Marscapone 2kg	Privat	VB
1845	Fontal	Privat	VB
1846	Ricotta 4 x 1,5 kg	Privat	04-01
1853	Mozzar. St. Lucia 125 gr	Privat	VB
1854	"Mozzarella Büffel in Salzlake
10 x 200 g im Eimer"	Privat	VB
1856	Galb. Mozz. Mini 1kg Eimer	Privat	VB
1858	Pecorino Sardo Maturo	Privat	03-01
1859	Pecorino Pepato	Privat	03-01
1865	Cashel Blue	Privat	VB
1866	Englischer Cheddar	Privat	02-02
1867	Pecorino Romano Keile	Privat	03-01
1871	Provolone 1KG	Privat	VB
1874	Stilton Bishop	Privat	VB
1875	Cheddar Barbers 	Privat	VB
1876	Kerrygold Cheddar 2,5kg	Privat	03-01
1877	Red Cheddar Scheiben 10x100	Privat	VB
1878	Cheddar Block	Privat	VB
1879	Blue Stilton Scheibe 2x2kg	Privat	06-02
1880	"Grana Padano
Gerieben 1kg"	Privat	VB
1882	Parmigiano Reggiano 16-18M 2kg	Privat	03-01
1883	"Hartkäse Mix 
gerieben 5 x 1kg"	Privat	04-01
1884	Parma. Reggiano 22-24M 4kg	Privat	VB
1885	Parma. Reggiano 22-24M 2kg	Privat	VB
1886	Cheddar Vintage	Privat	VB
1889	Pecorino Grotta Antico	Privat	03-01
1894	Taleggio	Privat	06-01
1895	Büffel-Mozzarella 125gx12	Privat	VB
1898	Höhlengorgonzola	Privat	VB
1899	Brinata Schaf WK 1kg	Privat	VB
1900	Parmesan Btl. 10 Gr.	Privat	VB
1901	Parmesan 125 Gr.	Privat	04-01
1902	Galbanino 14x270g	Privat	VB
1903	Parmesan 250 g	Privat	VB
1905	Parmigiano Reggiano 15 x 200g 	Privat	04-01
1906	Parmesan 80 g	Privat	VB
1907	Grana Padano 15x200g Stücke	Privat	04-01
1908	"Grana Padano
16 Monat Laib"	Privat	VB
1909	"Grana Padano
16 Monat 4 kg"	Privat	VB
1910	Parma. Reggiano 22 - 24 Monat Laib	Privat	VB
1911	Parma. Reggiano 18 - 20 Monat 1/2 Laib	Privat	VB
1912	Parm. Reggiano 14-16m	Privat	VB
1945	Camembert Royal 6x250g	Privat	VB
1949	Winzerkäse, Elsässer 6x220g	Privat	03-02
1950	Winzerkäse, Elsässer Laibe	Privat	03-02
1952	Montero Trüffel	Privat	01-03
1953	Gorgonzola Dolce	Privat	VB
1954	Gorgonzola Galbani Intenso	Privat	06-01
1955	Gorg. Galbani Excel.	Privat	VB
1956	Roquefort Societe	Privat	VB
1957	Bel Paese	Privat	VB
1958	Kaltb. Gruyere 1/4 Lb.	Privat	VB
1959	Kaltbach cremig würzig	Privat	01-02
1960	Kaltbach Gruyère	Privat	01-03
1961	Kaltbach Emmentaler King	Privat	01-03
1962	Emmentaler höhlengereift	Privat	01-03
1963	Kaltbach Raclette Trüffel	Privat	VB
1964	Kaltbach Gold	Privat	01-02
1965	Galb. Taleggio 2,2 kg	Privat	VB
1966	Roquefort Societe 100 gr	Privat	VB
1967	Parmesan ger. Galb. 40x20	Privat	VB
1979	Kaltbach Kräftig Würzig	Privat	VB
2002	Camenbert 250 gr 6/6	Privat	VB
2004	Gourmet de Champignon 1kg	Privat	03-02
2005	Allgäuer Rahmtorte Natur	Privat	VB
2007	Kräutertorte 1,4kg	Privat	VB
2008	Knoblauchtorte 1,4kg	Privat	VB
2009	Allgäuer Rahmtorte Pfeffer	Privat	VB
2010	Cambozola Torte	Privat	03-01
2011	Grand Noir 2,5kg	Privat	03-01
2012	Cambozola Balance Torte	Privat	03-01
2013	Rougette Torte	Privat	03-02
2014	Cambozola Finesse 2,2kg	Privat	VB
2015	Ofenkäse Mild	Privat	VB
2016	Ofenkäse Würzig	Privat	VB
2018	Ofenkäse Kräuter	Privat	VB
2019	Fiorella di Tomino	Privat	VB
2026	Montagnolo mit Blauschimmel	Privat	03-01
2059	Goldsteig Emmentaler	Privat	VB
2088	Cambozola SB	Privat	VB
2099	Illertaler	Privat	03-01
2181	Rsport 100g  Alpenmilch 30%	Privat	VB
2182	Rsport 100g Haselnuss	Privat	VB
2183	RSport 100g Voll-Nuss Nussklasse	Privat	VB
2184	Rsport 100g Joghurt	Privat	VB
2185	Rsport 100g Knusper Flakes	Privat	VB
2186	Rsport 100g Knusperkeks	Privat	VB
2187	Rsport 100g Marzipan	Privat	VB
2188	Rsport 100g Rum Trauben Nuss	Privat	VB
2189	Rsport 100g Nugat	Privat	VB
2190	Rsport 100g Salted Caramel	Privat	VB
2191	Rsport 100g Erdbeer-Joghurt	Privat	VB
2204	Rsport 100g Halbbitter 50%	Privat	VB
2205	Rsport 100g Olympia	Privat	VB
2206	Rsport 100g  Edel Vollmilch 35%	Privat	VB
2207	Rsport 100g Pfefferminz	Privat	VB
2601	Petri Creme Vegan Natur	Privat	VB
2604	Petrella Jubiläum	Privat	VB
2605	Petrella Peppasweet (Kirschpaprika)	Privat	VB
2607	Petrella Paprika	Privat	VB
2609	Petrella Porree	Privat	VB
2610	Petrella Schnittlauch	Privat	06-01
2614	Schlemmerfrischkäse Schnittlauch 2,5kg	Privat	VB
2615	Schlemmerfrischkäse 2,5kg	Privat	06-01
2616	Cremental Ziegenfrischkäse 500g	Privat	VB
2662	Petri Kräuterrolle	Privat	VB
2663	Petrella Schnittlauch 125g	Privat	VB
2722	Bianco Knoblauch	Privat	
2726	Bergader Almkäse	Privat	VB
2746	Almzeit Paprika Zwiebel	Privat	VB
2747	Almzeit Alpenkäse Kümmel (Biarom)	Privat	VB
2749	Almzeit grüner Pfeffer (Biarom)	Privat	VB
2751	Bavaria Blu	Privat	03-01
2752	Bavaria SB	Privat	VB
2763	Almzeit Chili Paprika Geraüchert	Privat	VB
2766	Bonifaz Natur	Privat	VB
2767	Bonifaz Pfeffer	Privat	03-01
2768	Bonifaz Knoblauch	Privat	03-01
2770	Bauernstolz	Privat	VB
2771	Bonifaz Pilze      	Privat	VB
2773	Bonifaz Brotzeit	Privat	VB
2775	Bonifaz Chili	Privat	03-01
3326	Fior del Alpi Laib	Privat	VB
5000	Saltufo Bedford 6x80g	Privat	VB
5001	Saltifo Tranches 80g	Privat	VB
5006	Limonade 1L div.	Privat	VB
5201	Halloumi 250g	Privat	06-03
5300	Käsetaler Natur 150 g   	Privat	06-03
5301	Käsetaler Kümmel 150 g	Privat	06-03
5302	Gouda am Stiel	Privat	VB
5400	Käsefeingebäck 80gx10	Privat	VB
5500	Südm.Auf´s Brot Natur	Privat	VB
5538	Starbucks Chocolate 220ml	Privat	Sonderware
5539	Starbucks Cappuccino 220ml	Privat	Sonderware
5540	Starbucks Vanille 220ml	Privat	Sonderware
5544	Debic ungesüsst 700 ml	Privat	VB
5545	Debic Sprühsahne 0,7L gesüßt	Privat	VB
5546	Oetker Creme Vegan 150g	Privat	VB
5547	Oetker Creme Double 150g	Privat	VB
5548	Luk Sauce Hollandaise	Privat	SAISON
5549	Luk Sauce Bernaise	Privat	SAISON
5551	Luk Sauce Hollandaise leicht	Privat	SAISON
5555	Südm.Auf´s Brot Kräut.	Privat	VB
5556	Frischli Bio H-Milch 10L	Privat	VB
5557	Butter Aubel ohne Salz	Privat	01-01
5558	Butter Aubel Gesalzen	Privat	01-01
5559	Kräuterbutter 500g	Privat	
5561	Vanille Sosse	Privat	VB
5563	Debic Vanille Soße 2L	Privat	VB
5564	Chili-Paprikasenfsauce 180 g  	Privat	04-01
5565	Birnensenfsauce 180 g    	Privat	04-01
5566	Feigensenfsauce 180 g   	Privat	04-01
5567	Orangensenfsauce 180 g   	Privat	04-01
5568	Quittensenfsauce 180 g    	Privat	04-01
5569	Marillensenfsauce 180 g    	Privat	04-01
5582	Naturjoghurt 3,5%  5 L	Privat	VB
5590	Feigenbrot  250 g   	Privat	03-01
5591	Dattelbrot  250 g   	Privat	03-01
5600	Alpro Barista Mandel	Privat	VB
5601	Alpro Soya Caramel	Privat	VB
5602	Alpro barista Soyadrink	Privat	VB
5603	Alpro Drink Mandel o. Zucker	Privat	VB
5604	Alpro Sojadrink Ungesuesst	Privat	VB
5605	Alpro Sojadrink Calcium	Privat	VB
5606	Alpro Soja Kochcreme	Privat	VB
5607	Alpro Hafer Barista	Privat	VB
5608	Alpro barista Kokos	Privat	VB
5620	Alpro Soyadessert Dun.Schoko.	Privat	VB
5621	Alpro Sojadessert Van.	Privat	VB
5622	Alpro Sojadessert Choco.	Privat	VB
5630	Alpro Cooking Soya 250g	Privat	VB
5631	Alpro Soyadrink Van.	Privat	VB
5632	Alpro Soyadrink Choco	Privat	VB
6337	Schön. Rezent	Privat	VB
6339	Schöngrunder Kräftig 1/2 Laib	Privat	VB
7000	Langes Coupe	Privat	VB
7003	Brie de Meaux A.O.C.	Privat	03-03
7004	Cailladou	Privat	VB
7013	Saint Andre	Privat	03-02
7014	Reblochon A.O.C. 500g	Privat	06-03
7016	Epoisses Berthaut	Privat	VB
7019	St. Nectaire	Privat	VB
7021	Le Montagnard	Privat	06-03
7022	Le Gourmet Trüffel 100g	Privat	VB
7023	Comté Millesime 1/4 Laib 30mon.	Privat	VB
7029	Epoisses de Bourgogne 800g Germain	Privat	06-02
7033	Picandou 6x40g	Privat	06-03
7035	Heideland Würzig 150g	Privat	VB
7036	Le Brin 8x150g	Privat	06-02
7038	Roulé Ananas Prep. 125gx6	Privat	VB
7039	Brebicet 8x125g	Privat	06-02
7040	Florette 8x125g	Privat	06-02
7041	Roule Prepack Kräuter	Privat	VB
7042	Roulé Cranb. Prep. 125gx6	Privat	VB
7046	Roule´Cranberry	Privat	VB
7047	Don Bernado Gold 12 Monate 	Privat	03-01
7050	Don Bernado Curado  6 Monate 	Privat	03-01
7052	Roquefort Laib 	Privat	06-02
7057	Roule Kräuter	Privat	06-01
7061	Beaufort 1/8	Privat	VB
7072	Ziegenfrischkäse Natur 1kg	Privat	03-03
7075	Ziegenfrischkäse Asche 1kg	Privat	VB
7081	Brugge Pain Apero	Privat	VB
7084	Fleur Brugge	Privat	VB
7085	Brugge Gold	Privat	VB
7086	Brugge pain classic	Privat	VB
7087	Brugge Alt	Privat	VB
7088	Brugge Prestige	Privat	VB
7090	Brugge Bierkäse	Privat	VB
7091	Pavé Paprika 6x150g	Privat	VB
7145	Mimolette jung	Privat	VB
7155	Brillat Savarin affine	Privat	VB
7170	Comte AOC 1/1 Laib	Privat	VB
7205	Petit Camembert Calvados 125g	Privat	VB
7206	Camembert 6x250g Calvados	Privat	06-03
7207	Camembert Petit Bleu 8x150g 	Privat	06-03
7209	Fougeru 700g	Privat	06-03
7210	Fourme d‘Ambert Edelpilzkäse	Privat	VB
7214	Münsterkäse 500g 	Privat	06-03
7217	Galette	Privat	VB
7219	Tomme de Savoie	Privat	03-01
7223	Jurassic 1/1 Laib	Privat	VB
7237	Gres des Vosges	Privat	VB
7242	Brillat Savarin Kräuter	Privat	VB
7243	Saint Jacques	Privat	VB
7244	Brebis d‘Argental 1kg	Privat	06-03
7245	Roquefort Laib Papillion	Privat	03-02
7251	Chèvre d‘Argental 1kg	Privat	06-03
7255	Fromage Blanc Vanille 500g	Privat	VB
7268	Comté Alt 24 Mon. VB	Privat	VB
7271	Chaource 6x250g AOC	Privat	VB
7272	Delice de Bourgogne	Privat	03-03
7273	Pico Affine 125g	Privat	VB
7280	Pont l’Eveque A.O.C. 350g	Privat	VB
7282	Petit Morbier 	Privat	01-03
7288	Lingot d'Argental	Privat	06-02
7290	Maxi Calvados	Privat	06-03
7297	Mont d Or	Privat	SAISON
7300	Cremeux Blanc	Privat	
7301	Cremeux Rouge	Privat	
7302	Cocktail Oliven mit Fk	Privat	VB
7303	Paprika mit Fk	Privat	VB
7304	Oliven mit Knoblauch	Privat	VB
7305	Tomaten getrocknet	Privat	VB
7306	Champignon mit Fk	Privat	VB
7307	Rote Pepperoni mit  Fk	Privat	VB
7308	Span. Oliven mit Paprika	Privat	VB
7309	Grüne Oliven mit Mandeln	Privat	VB
7310	Schwarze Oliven o. Stein	Privat	VB
7311	Grüne Pepperoni mit Fk	Privat	VB
7312	Cocktailtomaten mit Fk	Privat	VB
7313	Borretanische Zwiebeln	Privat	VB
7351	Camembert Bertrand	Privat	VB
7352	Camembert Normand 6x250g	Privat	VB
7353	Camembert Gaslonde  6x250g	Privat	VB
7368	Fromager Affinous Truffes	Privat	VB
7386	Tinajeros Cabra 	Privat	VB
7387	Petit Basque	Privat	03-02
7388	Rochebaron mit Blauschimmel	Privat	03-01
7389	Cremoulin 350g	Privat	03-01
7390	Peyrigoux 1,2kg	Privat	03-01
7391	Brebiou	Privat	VB
7393	Gris du Perigord	Privat	VB
7395	Bresse Bleu	Privat	VB
7401	Ziegencamembert 12x180g	Privat	06-01
7410	Bleu d' Auvergne	Privat	VB
7501	Roquefort Papillon 1/2 Lb. 1,25x4	Privat	VB
7510	Pierre Robert Cave	Privat	VB
7527	Gipfelkäs	Privat	VB
7532	Troubadour                      	Privat	VB
7539	Coer Neufch. 200 gr	Privat	VB
7545	Cremeux d‘Argental 2kg	Privat	06-02
7549	Coulommiers Tradition	Privat	VB
7558	Langres 1 kg	Privat	VB
7563	Livarot 500 gr 	Privat	VB
7573	Ami Chambertin Nackt	Privat	VB
7617	Delice d’Argental	Privat	06-03
7622	Buchette de Chevre 25g	Privat	VB
7623	Comté 1/4 Laibe 6-8 Mon.	Privat	03-01
7669	Royal Truffes Ete 2,5%	Privat	VB
7695	Tomme Chevre Fond.	Privat	VB
7706	Ubriaco	Privat	VB
7707	Picandou 2er	Privat	VB
7709	Mammutkäse	Privat	VB
7719	Pont L'eveque	Privat	06-02
7731	Pavé de Paris	Privat	VB
7748	Extra Mature Cheddar	Privat	VB
7799	Au Bouchon	Privat	06-03
7837	Tomme au Champagne	Privat	VB
7838	Camembert au Calvados (Maxi) 1kg	Privat	VB
7842	Petit Grès d’Alsace 8x125g	Privat	VB
7898	Chevre Chaud Nature	Privat	VB
7899	Bousault 200g	Privat	VB
7900	Cabrissac	Privat	VB
7926	Cremeux de Bourgogne	Privat	03-03
7952	Brebisrousse  d‘Argental 1kg	Privat	06-03
7998	Coeur Gourm. Marron 80g	Privat	VB
8120	Reblochon Edelmont	Privat	VB
8146	"Delice Papaya
(Brillat Savarin)"	Privat	VB
8147	Fourme au Sauterne	Privat	VB
8165	Tomme des cCroquants x3	Privat	VB
8206	Pecorino Rocco de Poire	Privat	VB
8209	Petit Fourme d’Ambert	Privat	06-03
8224	Brie de Meaux mit Trüffeln	Privat	06-03
8279	Fleur de Vert	Privat	VB
8299	Timanoix	Privat	VB
8309	Brillat Savarin Senf	Privat	VB
8361	Coeur Gourm. Feige 80g	Privat	VB
8396	Petit Munster 125g	Privat	VB
8398	Mozzarella 1kg (Sonstige)	Privat	VB
8401	Piccandou Honig (Miel) 6x125g	Privat	VB
8426	Grès du Maquis	Privat	06-03
8472	Duo Brie Cranberry	Privat	
8609	Briquette aux Herbes 200g	Privat	06-02
8642	Buchette aux Fleurs	Privat	06-02
8650	Racl. Bleu de Gex	Privat	VB
8675	Jura Montagne	Privat	VB
8704	Petit Gres Champagne Boite	Privat	VB
8712	Etivaz 1/8 Laib	Privat	VB
8720	Brie de Meaux mit Senf	Privat	06-03
8730	Cremeux de Bourgogne Bio	Privat	VB
8765	Picandou à Tartiner 12x125g	Privat	VB
8788	Moliterno Al Tartufo 1/2LN	Privat	VB
8808	Elliot Citron Rosmarin 100g	Privat	VB
8824	Chevre Argental Allege	Privat	VB
8833	Grand Cru 10-12m Jurassic 12kg	Privat	VB
8864	Grand Cru 10-12m Jurassic 1/4	Privat	VB
8885	Moliterno al Tartufo Laib	Privat	02-02
8899	Jura 4-5M	Privat	03-01
9001	Frico Maasdam	Privat	Sonderware
9002	Gouda Chevre Rustique	Privat	VB
9003	Ribeaupierre Ziege	Privat	VB
9004	Ribeaupierre Kuh	Privat	VB
9005	Ribeaupierre Schaf	Privat	VB
9007	Ziegengouda	Privat	01-03
9008	Ziegengouda Alt	Privat	VB
9032	Landana Ziege Rosso	Privat	VB
9033	Gouda Trüffel	Privat	01-02
9037	Landana Kreuzkümmel	Privat	VB
9048	NH Weidepolder jung 	Privat	02-01
9049	NH Weidepolder m`alt	Privat	02-01
9050	Favor.NH extra bel.	Privat	VB
9090	Jersey mild 1/2	Privat	VB
9095	Jersey Mild 1/1	Privat	VB
9100	Jersey pikant 1/2	Privat	VB
9101	Black lemon	Privat	VB
9103	Gouda 1/4 Laibe HB pik.	Privat	01-03
9107	Landana Bockshornklee	Privat	VB
9110	Jersey Pikant 1/1	Privat	VB
9111	Gouda Huizer Kaas gewachst	Privat	VB
9115	Jersey Alt	Privat	VB
9125	Edamer Block	Privat	VB
9126	Leerdammer Delacreme	Privat	01-01
9127	Leerdammer Langstück	Privat	VB
9128	Gouda mit Pesto rot	Privat	02-01
9129	Landana 1000 Tage	Privat	VB
9130	Gouda mit Pesto grün	Privat	02-01
9131	Landana 500 Tage	Privat	VB
9132	Gouda Tricolore	Privat	VB
9135	Ziegengouda Block 15 kg	Privat	VB
9136	Ziegenbutterkäse	Privat	04-01
9138	Gouda Gartenkräuter	Privat	VB
9140	Gouda gerieben 1kg	Privat	VB
9141	Gouda Scheiben gef.	Privat	VB
9143	Bauerngouda Ziege/Trüffel	Privat	02-02
9144	Beemster Royal 1/2	Privat	01-01
9150	Bauernkäse Pikant 12kg	Privat	VB
9151	Bauernkäse Jung 12kg	Privat	VB
9152	Beemster pikant light  1/2	Privat	01-01
9154	Beemster mild light  1/2	Privat	01-01
9155	Prima Donna Maturo 1/1	Privat	VB
9156	Prima Donna Maturo (gereift)	Privat	01-02
9157	Landana Walnuß	Privat	VB
9159	Pikantje v. Antje 4/4	Privat	01-03
9180	Leerd. Langstück Leicht	Privat	VB
9181	Leerdammer 1/2 Lb.	Privat	VB
9183	Leerdammer 1/4 Lb	Privat	01-01
9190	Jersey XO	Privat	VB
9208	Schweizer Bergkäse 6 Monat	Privat	VB
9234	Tommette Pruneau Cognac 180g	Privat	VB
9239	Beurre Fleur de Sel 125g	Privat	VB
9262	Brillat Savarin Cranberry	Privat	VB
9263	Gres Champenois	Privat	06-03
9309	Gruyere 1/8	Privat	VB
9434	Coeur Gourm. Mirab. 80g	Privat	VB
9458	Comté Cyclame 24 Mon.	Privat	03-01
9626	Bio Gouda 12kg	Privat	VB
9632	Roquefort Tranche	Privat	VB
9655	Flandrien Mittelalt 1/2	Privat	VB
9656	Flandrien Alt 1/2	Privat	VB
9657	Flandrien Jung 1/1	Privat	VB
9690	Butter Baratte Crem Grossel	Privat	VB
9723	Schafsfrischkäserolle	Privat	VB
9724	Schafkäserolle	Privat	VB
9740	Vachrousse Argental	Privat	06-02
9773	Diplomat Trüffel	Privat	VB
9788	Comte 12 Mon.	Privat	VB
9913	Gruyere 1/8 Laib	Privat	VB
9926	A Milkeria Cam Classic	Privat	
9947	Leerdammer Pfeffer Chili	Privat	04-01
9948	Leerdammer Tomate Bas.	Privat	04-01
9950	Gipfelstürmer	Privat	VB
9959	Campina NH Alt 4/4	Privat	
9961	Itche Bay	Privat	01-01
9962	Baskeriou	Privat	VB
9963	Cyrano Ziege/Schaf	Privat	VB
9964	Rama Original 400G	Privat	VB
9968	Noord-Holland Gouda alt	Privat	VB
9969	Noord-Holland Gouda jung	Privat	VB
9970	Noord-Holland Gouda mittelalt	Privat	VB
9978	Geramont 350g	Privat	VB
9980	Butter 5kg	Privat	VB
9992	And. Hirtenkäse	Privat	
9996	Burrata Büffel 8x200g	Privat	VB
9999	Frico Mittelalt	Privat	VB
11195	Tiroler Alpengold	Privat	VB
11315	Tiroler Adler	Privat	VB
11451	Steinsalzkäse	Privat	01-03
11452	Steinsalzkäse Bio	Privat	VB
14899	Landana Trüffel	Privat	VB
14905	Landana Ziege Feige/Nuss	Privat	02-01
14908	Gouda Frühling	Privat	SAISON
17150	Occelli al Barolo	Privat	VB
17802	Meraner Weinkäse	Privat	02-01
17803	Südtiroler Pfefferkäse	Privat	VB
18331	Rocchetta - Robiola Trelang.	Privat	06-03
18332	La Tur - Capris Tre Latti	Privat	06-03
18951	Robiola Bosina Damina	Privat	06-03
18955	Cravanzina	Privat	VB
19150	Grana Padano 1/2 Laib	Privat	VB
20011	Kraxlerkäse	Privat	VB
26000	Dijonsenfkäse     	Privat	VB
26001	Feigenkäse       	Privat	03-03
26007	Feuervogel               	Privat	VB
26011	Nussecke	Privat	VB
26012	Ziegenzauber	Privat	VB
26013	Aprikosenkäse	Privat	VB
26014	Hexenkäse	Privat	VB
26015	Himbeersenfkäse	Privat	03-03
26017	Kräuterbengel          	Privat	VB
26018	Eiskellerkäse	Privat	VB
26019	Chiantikäse             	Privat	VB
26020	Drachenkäse	Privat	VB
26022	Käsefüße Emmentaler	Privat	VB
26023	Käsefüße ital. Kräuter	Privat	VB
26025	Käsefüße Gouda	Privat	VB
30805	Gruyere Laibe 12 Mon.	Privat	VB
30806	Gruyere Laib Kaltbach	Privat	VB
31975	Camembert Bufala Schnittlauch	Privat	VB
32824	Camembert Bufala Nuss	Privat	VB
33531	Le Grand Barisien Cru	Privat	VB
34293	Camembert Bufala Pistazie	Privat	VB
41025	Cotte Tartuffo	Privat	VB
45045	Salame al Tartufo	Privat	VB
45046	Salame al Barolo	Privat	VB
45063	Salame al Abruzze	Privat	VB
45065	"Salami Ring Natur
Salamella Dolce"	Privat	VB
45101	Fenchel Salami Finocchiona	Privat	VB
45224	Salami Salsiccia	Privat	VB
47221	Salame di Cinghiale (Wildschwein)	Privat	VB
51034	Reggiano 24 Monate	Privat	VB
52102	Pecorino Tinto	Privat	05-03
53002	Provolone Piccante	Privat	VB
53011	Provolone Dolce	Privat	VB
53125	Cbt. di Bufala 4x ca. 260g	Privat	06-01
53126	Camembert Bufala Trüffel	Privat	VB
53225	Bergamino di Bufala	Privat	VB
54124	Cbt. di Capra 4x ca. 260g	Privat	VB
54125	Camembert di Pecora	Privat	VB
54224	Bergamino di Capra	Privat	VB
70195	St. Nectaire Auvermont 346	Privat	VB
90101	Frico Gouda Jung 1/4	Privat	VB
90102	Campina Gouda Jung 1/4	Privat	01-03
90104	Gouda NH Pikant 4/4 Campina	Privat	VB
90124	Landana Ziege Knoblauch/Brennessel	Privat	VB
90126	Leerd.Caracter 2/4	Privat	VB
90129	Landana Brennessel	Privat	VB
90152	Beemster Pikant 4/4	Privat	VB
90154	Beemster Jung 4/4	Privat	VB
90179	Gouwenaar Pikant 4/4	Privat	VB
90180	Gouwenaar Light 4/4	Privat	VB
90305	Appenzeller Extra 4/4	Privat	VB
90308	Appenzeller Edelwürzig 1/4	Privat	VB
90319	Gruyere Laibe 12-14 Mon	Privat	VB
90320	Fondue Moité Moité	Privat	SAISON
90321	Tete de Moine 1/2 lb. Reserve	Privat	VB
90331	Tête de Moine Reserve	Privat	VB
90376	ELDER Maxx 365 Tage 	Privat	VB
90521	Wildblumenkäse 4/4	Privat	VB
90531	Zitronenpfefferkäse 4/4	Privat	VB
90550	Stilfser 4/4	Privat	VB
90743	Grünlander Leicht 8x500g	Privat	VB
91029	Fromafe D`Affin. Kraüt. 2 kg	Privat	VB
91037	Raclette Frz. R 4/4	Privat	VB
91038	Raclette rechteck          	Privat	SAISON
91039	Raclette Frz. Rechteck 1/4	Privat	VB
91087	President Brie 50%	Privat	03-01
91088	Brietorte 60 %  3kg            	Privat	VB
91604	Pustertaler 4/4	Privat	VB
91841	Scamorza SB	Privat	VB
91856	Mozz. Büffel 8x125g	Privat	VB
91879	Blue Stilton 8KG	Privat	VB
93528	Grissini Natur	Privat	VB
93530	Grissini Rosmarin	Privat	VB
96154	Beemster Bio	Privat	VB
97002	La Brique 8x200g	Privat	VB
97008	Fromager Trüffel	Privat	VB
97009	Ortolan 250g	Privat	VB
97010	Brugge  4/4	Privat	VB
97031	6 Mini Chevre	Privat	VB
97046	Roulé Ananas 1x950g	Privat	06-01
97054	Pavé Ambre 8x150g	Privat	VB
97070	Peri Peri Farmhouse Chedd.	Privat	VB
97071	Roucoul. Noix	Privat	06-02
97073	Wensl. Cranberry 12x150g	Privat	VB
97151	Beemster Caroon pikant	Privat	VB
97154	Beemster Carron Mild	Privat	VB
97282	Morbier 4/4	Privat	VB
97385	Gouda Wasabi	Privat	01-03
98151	Beemster Old 4/4	Privat	VB
98152	Beemster pikant 16 kg	Privat	VB
98153	Beemster extra pikant 16 kg	Privat	VB
98154	Beemster mild 16 kg	Privat	VB
99015	Offenkäse 320g	Privat	VB
99016	Raclette Sonder	Privat	VB
99017	Raclette 1/2 Sonder	Privat	VB
99018	Tiroler Adler	Privat	VB
99033	Gouda Trüffel 1/4	Privat	VB
99104	Parrano geviertelt	Privat	VB
99126	Leerd.Delacreme Sonderware	Privat	VB
99143	Landana Trüffel Steinpilz	Privat	VB
99144	Beemster Royal  Grand cru 1/2 	Privat	VB
99145	Beemster Mai	Privat	SAISON
99151	Beemster XO 1-2 Laib	Privat	01-01
99152	Beemster extra pikant	Privat	01-01
99154	Beemster Extra Pikant 4/4	Privat	VB
99303	Emmentaler Urtyp 4xca. 3,5kg	Privat	VB
99319	Gruyere Laibe 16-18 Mon	Privat	VB
99321	Tete de Moine Rosetten	Privat	VB
99376	Scharfer Maxx 4/4	Privat	VB
99520	Rogg. Bio Bergblüte	Privat	VB
99521	Roggenburger Wiesenblume	Privat	VB
159007	Beemster Ziege  1/2	Privat	01-01
269711	Walnusstraum	Privat	01-03
270202	Marillensenfsauce mit Mandeln	Privat	VB
270204	Feigensenfsauce	Privat	VB
270206	Bodensee-Apfel/Calvadossenfs.	Privat	04-01
270209	Birnensenfsauce	Privat	VB
270216	Amarena Kirsch Senf	Privat	04-01
270223	Dillsenfsauce	Privat	04-01
270224	Feigen Rosa-Pfeffer Senfsauce	Privat	04-01
291104	Alpenpurist	Privat	VB
291117	Schweizer Trüffeli	Privat	VB
300553	Ziegencamembert Orange	Privat	VB
300554	Ziegencamemb. Feige	Privat	VB
310506	Hochgenuss	Privat	VB
330006	Knusperbrot Olive 10x180g	Privat	06-03
330011	Knusperbrot Orange 10x 180g	Privat	06-03
340180	La Buchette Fleur	Privat	VB
380333	Caramello 1/2	Privat	VB
420102	Grana gehobelt 12x200g	Privat	VB
420415	Brunet a. Langa	Privat	06-03
422502	Whisky Barolo	Privat	VB
422723	Pecorino Fantasia	Privat	VB
422851	Burrata Büffel	Privat	VB
424105	Reggiano 5 Jahre	Privat	VB
510040	Wenslyd. Ingw./Mango	Privat	06-02
518041	Sage Derby	Privat	VB
2440041	Dolomitenkönig 150g	Privat	01-01
2440042	Pustertaler 150g	Privat	01-01
2440043	Stilfser 150g	Privat	01-01
2440044	Kräuterhexe 150g	Privat	01-01
2440045	Pfefferkäse 150g	Privat	01-01
2440046	Alta Badia 150g	Privat	01-01
